	North_Sea	Skagerrak	Kattegat	Aquarium
North_Sea		0.0365107	0.00401493	0.0154051
Skagerrak			0.0225537	0.0493096
Kattegat				0.103083
